{"_wandb":{"runtime":17},"loss":6.4601263999938965,"lr":0.0005499936736997887,"epoch_Time":52,"_timestamp":1.7600601330261176e+09,"_runtime":16.073417186,"_step":1}