{"epoch_Time":0,"_timestamp":1.7600633280431578e+09,"_runtime":3091.784127971,"_step":220,"_wandb":{"runtime":3102},"loss":2.696119785308838,"lr":5.001619522198612e-05}